﻿{
   "CodeGenerationMode": 0,
   "ContextClassName": "CardsContext",
   "ContextNamespace": null,
   "DefaultDacpacSchema": null,
   "FilterSchemas": false,
   "IncludeConnectionString": false,
   "ModelNamespace": null,
   "OutputContextPath": "Data",
   "OutputPath": "..\\Entities\\Models",
   "ProceduresReturnList": false,
   "ProjectRootNamespace": "DataAccess",
   "Schemas": null,
   "SelectedHandlebarsLanguage": 0,
   "SelectedToBeGenerated": 0,
   "Tables": [
      {
         "Name": "[dbo].[VisaCard]",
         "ObjectType": 0
      }
   ],
   "UiHint": "DESKTOP-5KIS3PN.Cards",
   "UseBoolPropertiesWithoutDefaultSql": false,
   "UseDatabaseNames": false,
   "UseDbContextSplitting": false,
   "UseFluentApiOnly": true,
   "UseHandleBars": false,
   "UseInflector": false,
   "UseLegacyPluralizer": false,
   "UseNoConstructor": false,
   "UseNoNavigations": false,
   "UseNoObjectFilter": false,
   "UseNodaTime": false,
   "UseNullableReferences": false,
   "UseSpatial": false
}